"Change ID*+","Status*","Submitter*","Support Company*+","Support Organization","Support Group Name","Scheduled Start Date+","Scheduled End Date+","Summary*","Justification*","Notes","Impact*","Urgency*","Risk Level*","Product Categorization Tier 1","Product Categorization Tier 2","Product Categorization Tier 3"
"CRQ000000074375","Request For Authorization","AAhmed81","Products & Services Delivery","Service Planning","Messaging","8/29/2012 12:00:00 AM","8/29/2012 7:00:00 AM","OMN_VF_Surprise","OMN_VF_Surprise","","4-Minor/Localized","4-Low","Risk Level 1","Messaging","SMS","Others"
"CRQ000000074365","Request For Authorization","MDarwish9","Products & Services Delivery","Charging & Mediation","Prepaid/Data Charging","8/28/2012 12:00:00 AM","8/29/2012 12:00:00 AM","CCAT update to view the offer description in CCAT offers tab.","-CCAT update to view the offer description in CCAT offers tab.  -it's required for CC investigations regarding new promos","","4-Minor/Localized","4-Low","Risk Level 1","Prepaid Services","CCAT","Others"
"CRQ000000074358","Request For Authorization","MShimy","Products & Services Delivery","CRM & Sales","CRM Solution","8/29/2012 3:00:00 AM","8/29/2012 7:00:00 AM","Siebel Release V0.65","Siebel Release V0.65","","4-Minor/Localized","4-Low","Risk Level 1","CRM Software","Siebel","Change"
"CRQ000000074354","Request For Authorization","SNajjar","Products & Services Delivery","Customer Management Systems","P&SD Risk & POS","8/28/2012 9:05:00 AM","8/28/2012 11:05:00 AM","POS Release 1024","POS Release 1024","","4-Minor/Localized","4-Low","Risk Level 1","Sales Application","POS","Change"
"CRQ000000074347","Draft","Mshabana1","Products & Services Delivery","CRM & Sales","Middleware","8/28/2012 7:00:00 AM","8/28/2012 9:00:00 AM","Deploy RISKMANAGEMENT to enhance the logs,","Deploy RISKMANAGEMENT to enhance the logs,","Deploy RISKMANAGEMENT to enhance the logs,","4-Minor/Localized","3-Medium","Risk Level 1","EAI Software","Application","Deploy"
"CRQ000000074323","Request For Authorization","HOsama3","Products & Services Delivery","Capacity Planning & Support","Capacity Planning","8/28/2012 12:00:00 AM","8/28/2012 1:00:00 AM","HOTLINE PROMO white list upload on HLRPRD1 IP 172.18.21.45","HOTLINE PROMO white list upload on HLRPRD1 IP 172.18.21.45","","4-Minor/Localized","4-Low","Risk Level 1","Change Approval","Change Approval","Change Approval"
"CRQ000000074290","Request For Authorization","EFattah","Products & Services Delivery","Charging & Mediation","Prepaid/Data Charging","8/28/2012 12:00:00 AM","8/28/2012 7:00:00 AM","Data move change","Data move change","Data move change","4-Minor/Localized","4-Low","Risk Level 1","Online Mediation","Others","Others"
"CRQ000000074278","Draft","MDarwish9","Products & Services Delivery","Charging & Mediation","Prepaid/Data Charging","8/27/2012 12:00:00 AM","8/28/2012 12:00:00 AM","Fix  prepaid addon 2  for MI bundle","this fix needed to be done as it is affecting live customers.","","4-Minor/Localized","2-High","Risk Level 1","Charging System","SDP","Tariff Update"
"CRQ000000074249","Request For Authorization","MShimy","Products & Services Delivery","CRM & Sales","CRM Solution","8/27/2012 3:00:00 PM","8/27/2012 5:00:00 PM","Enhancing Balance Transaction","Enhancing Balance Transaction","","4-Minor/Localized","4-Low","Risk Level 1","CRM Software","Loyalty","Change"
"CRQ000000074248","Request For Authorization","SGad2","Products & Services Delivery","Business Intelligence","BI CVM","8/27/2012 12:00:00 AM","8/29/2012 12:00:00 AM","Deploy Mobile Internet Segmentation Model Into production","Deploy Mobile Internet Segmentation Model Into production","Deploy Mobile Internet Segmentation Model Into production","4-Minor/Localized","4-Low","Risk Level 1","DWH Software","DataStage Job","Add new job"
"CRQ000000074230","Request For Authorization","HOsama3","Products & Services Delivery","Capacity Planning & Support","Capacity Planning","8/28/2012 12:00:00 AM","8/28/2012 1:00:00 AM","MI revenue white list upload on titodb1 (172.2.5.100)","MI revenue white list upload on titodb1 (172.2.5.100)","","4-Minor/Localized","4-Low","Risk Level 1","Change Approval","Change Approval","Change Approval"
"CRQ000000074199","Scheduled","BHossam","Products & Services Delivery","Service Planning","Voice & Content","8/27/2012 12:00:00 AM","8/28/2012 12:00:00 AM","DA fix on Call Collect IVRs (IVR2, IVR4 and IVR11)","DA fix on Call Collect IVRs (IVR2, IVR4 and IVR11)","","4-Minor/Localized","4-Low","Risk Level 1","Voice & Content","CallCollect","Others"
"CRQ000000074189","Request For Authorization","SSalem13","Products & Services Delivery","Charging & Mediation","Mediation","8/27/2012 11:33:16 AM","8/27/2012 11:33:17 AM","Send some data ccn files to billing production path","this for testing requirement","","4-Minor/Localized","3-Medium","Risk Level 1","Offline Mediation","OFM Streams","Others"
"CRQ000000074173","Request For Authorization","HMohamed47","Products & Services Delivery","Business Intelligence","BI Extraction","8/27/2012 12:00:00 AM","9/3/2012 12:00:00 AM","Migrate Prepaid ADSL Snap Shot to production","Migrate Prepaid ADSL Snap Shot to production","","4-Minor/Localized","4-Low","Risk Level 1","DWH Software","DataStage Job","Add new job"
"CRQ000000074172","Request For Authorization","HMohamed47","Products & Services Delivery","Business Intelligence","BI Extraction","8/27/2012 12:00:00 AM","9/3/2012 12:00:00 AM","Migrate DataSites_KPI to production","Migrate DataSites_KPI to production","","4-Minor/Localized","4-Low","Risk Level 1","DWH Software","DataStage Job","Add new job"
"CRQ000000074171","Request For Authorization","RSayed13","Products & Services Delivery","Charging & Mediation","Mediation","8/27/2012 10:40:40 AM","8/27/2012 10:40:42 AM","Fix postpaid lookup","Fix Postpaid lookup","","4-Minor/Localized","4-Low","Risk Level 2","Offline Mediation","OFM Database","Update Lookup Tables"
"CRQ000000074170","Request For Authorization","HMohamed47","Products & Services Delivery","Business Intelligence","BI Extraction","8/27/2012 12:00:00 AM","9/3/2012 12:00:00 AM","Apply change on balance dispute CDRS job on production","Apply change on balance dispute CDRS job on production","","4-Minor/Localized","4-Low","Risk Level 1","DWH Software","DataStage Job","Change"
"CRQ000000074169","Request For Authorization","ATayary","Products & Services Delivery","Customer Management Systems","P&SD Risk & POS","8/27/2012 12:00:00 AM","8/30/2012 12:00:00 AM","log USB user action when he redirected to a pgae to complete his info","log USB user action when he redirected to a pgae to complete his info","","4-Minor/Localized","4-Low","Risk Level 1","Online Application","Corporate Website","Change"
"CRQ000000074166","Request For Authorization","MFayomy","Products & Services Delivery","Customer Management Systems","P&SD Contact Center Interaction Management","8/27/2012 12:00:00 AM","8/28/2012 12:00:00 AM","update extraction query in Consumer Survey to extract from call flash instead of SEIBLE","update extraction query in Consumer Survey to extract from call flash instead of SEIBLE","","4-Minor/Localized","4-Low","Risk Level 1","Contact CenterCollaboration","IVR","Change"
"CRQ000000074158","Request For Authorization","SHatem","Products & Services Delivery","CRM & Sales","Middleware","8/27/2012 9:00:00 AM","8/27/2012 12:00:00 PM","Change configuration of provisioning","To fix the load balancing issue","","4-Minor/Localized","4-Low","Risk Level 1","CCBS Online","Provisioning","Configuration files"
"CRQ000000074152","Scheduled","MShimy","Products & Services Delivery","CRM & Sales","CRM Solution","8/27/2012 9:00:00 AM","8/27/2012 11:00:00 AM","Add Indexes to TMP_USAGE_FEES","Add Indexes to TMP_USAGE_FEES","","4-Minor/Localized","4-Low","Risk Level 1","CRM Software","Loyalty","Change"
"CRQ000000074092","Draft","AAhmed125","Products & Services Delivery","Service Planning","Messaging","8/26/2012 12:00:00 AM","8/26/2012 1:00:00 AM","Low traffic closure","Low traffic closure","Low traffic closure","4-Minor/Localized","4-Low","Risk Level 1","Messaging","USSD","Modify Menu"
"CRQ000000074086","Request For Authorization","SSalem13","Products & Services Delivery","Charging & Mediation","Mediation","8/26/2012 4:00:01 PM","8/26/2012 4:00:02 PM","Add the field ORIGINATING_LOCATION_NUMBER to balance dispute files sent to DWH in MSCSs streams","business required to view the field Originating_location_Address on the CCAT for balance dispute","","4-Minor/Localized","3-Medium","Risk Level 1","Offline Mediation","OFM Streams","Update configuration"
"CRQ000000074083","Request For Authorization","SIbrahim5","Products & Services Delivery","Charging & Mediation","Post-Paid Charging","8/26/2012 6:37:22 PM","8/26/2012 6:37:24 PM","Add MAX Rate plans to be eligible Migration out service","Add MAX Rate plans to be eligible Migration out service","Add MAX Rate plans to be eligible Migration out service","4-Minor/Localized","3-Medium","Risk Level 1","CCBS Batch","CCBS Voice & CC","New Project"
"CRQ000000074078","Request For Authorization","SIbrahim5","Products & Services Delivery","Charging & Mediation","Post-Paid Charging","8/26/2012 6:21:06 PM","8/26/2012 6:21:08 PM","Extras & Bundle report repeated issue","Extras & Bundle report repeated issue","Extras & Bundle report repeated issue","4-Minor/Localized","4-Low","Risk Level 1","CCBS Batch","CCBS Voice & CC","New Project"
"CRQ000000074077","Request For Authorization","AAhmed81","Products & Services Delivery","Service Planning","Messaging","8/27/2012 12:00:00 AM","8/27/2012 7:00:00 AM","MSCBC1","MSCBC1","please be more specific what is the change","4-Minor/Localized","2-High","Risk Level 2","Messaging","SMS","Modify configurations"
"CRQ000000074073","Request For Authorization","AAwaad","Products & Services Delivery","Customer Management Systems","P&SD Commission & Extranet","8/26/2012 12:00:00 AM","8/27/2012 12:00:00 AM","Sequence / public SYNONYM Creattion for return Trans module","Sequence / public SYNONYM Creattion for return Trans module","","4-Minor/Localized","4-Low","Risk Level 1","Sales Application","Extranet","Database"
"CRQ000000074045","Request For Authorization","AGhazali","Products & Services Delivery","Charging & Mediation","Post-Paid Charging","8/26/2012 12:00:00 AM","8/27/2012 12:00:00 AM","Potential Fraud Case","Potential Fraud Case","","4-Minor/Localized","4-Low","Risk Level 1","CCBS Batch","CCBS Data","Amendment"
"CRQ000000074043","Request For Authorization","WSalim","Products & Services Delivery","Charging & Mediation","Payment Services","8/27/2012 3:00:00 AM","8/27/2012 4:00:00 AM","eTopUp Bill Payment Code","To enable the bill payment service through the eTopUp using the CMS adaptor","The activity will be performed by Comviva team, however the post deployment testing will be done by VFEG operations team","4-Minor/Localized","4-Low","Risk Level 1","Payments","eTopUp","Application new Deployment"
"CRQ000000074015","Request For Authorization","HHussein2","Products & Services Delivery","Charging & Mediation","Payment Services","8/27/2012 12:00:00 AM","8/31/2012 7:00:00 AM","Firewall:  E-Finance - to - Topup (Comviva)  for the new VPN of e-finance","new connectivity","Source IPs:  10.253.112.1   172.20.46.10    Destination IPs(the same):  10.253.112.1  172.20.46.10      Ports:  IKE, IPSEC, ping & traceroute  ","3-Moderate/Limited","3-Medium","Risk Level 1","Network Security Software","Firewall Rule","Upgrade"
"CRQ000000074013","Request For Authorization","BHossam","Products & Services Delivery","Service Planning","Voice & Content","8/26/2012 12:00:00 AM","8/27/2012 12:00:00 AM","DA fix on Callcollect IVR 9-1, 9-2 and 9-4","DA fix on Callcollect IVR 9-1, 9-2 and 9-4","","4-Minor/Localized","4-Low","Risk Level 1","Voice & Content","CallCollect","Others"
"CRQ000000074012","Cancelled","BHossam","Products & Services Delivery","Service Planning","Voice & Content","8/27/2012 12:00:00 AM","8/27/2012 7:00:00 AM","test account","test crq","","4-Minor/Localized","4-Low","Risk Level 1","Voice & Content","RBT","Others"
"CRQ000000074010","Request For Authorization","MGamal20","Products & Services Delivery","Customer Management Systems","P&SD Contact Center Interaction Management","8/26/2012 10:00:00 AM","8/29/2012 10:00:00 AM","Fix Baladna italy issue","Fix Baladna italy issue","Fix Baladna italy issue","4-Minor/Localized","4-Low","Risk Level 1","Contact CenterCollaboration","CTI","Change"
"CRQ000000073994","Request For Authorization","AGhazali","Products & Services Delivery","Charging & Mediation","Post-Paid Charging","8/26/2012 12:00:00 AM","8/27/2012 12:00:00 AM","Blackberry BES for CTRLs","Blackberry BES for CTRLs","","4-Minor/Localized","4-Low","Risk Level 1","CCBS Batch","CCBS Data","New Project"
"CRQ000000073960","Request For Authorization","SHatem","Products & Services Delivery","CRM & Sales","Middleware","8/27/2012 12:00:00 AM","8/27/2012 2:00:00 AM","Change Keystore password for CSDB","To enable provisioning on CSDB PGW 3","","4-Minor/Localized","4-Low","Risk Level 1","CCBS Online","Provisioning","Configuration files"
"CRQ000000073957","Scheduled","MGamal20","Products & Services Delivery","Customer Management Systems","P&SD Contact Center Interaction Management","8/26/2012 10:00:00 AM","8/28/2012 10:00:00 AM","Move Get_Account_Owner & Get_Account_Angel to Call flash instead of SIEBPRD3","Move Get_Account_Owner & Get_Account_Angel to Call flash instead of SIEBPRD3","Move Get_Account_Owner & Get_Account_Angel to Call flash instead of SIEBPRD3","4-Minor/Localized","4-Low","Risk Level 1","Contact CenterCollaboration","CTI","Change"
"CRQ000000073876","Request For Authorization","ADeen1","Products & Services Delivery","Service Planning","Messaging","8/26/2012 12:00:00 AM","8/26/2012 1:00:00 AM","Data Lines exp","WO","","4-Minor/Localized","4-Low","Risk Level 1","Messaging","USSD","New Menu"
"CRQ000000073873","Scheduled","ATayary","Products & Services Delivery","Customer Management Systems","P&SD Risk & POS","8/26/2012 12:00:00 AM","8/27/2012 12:00:00 AM","change the content of the page that USB user is redirected to when he has no enough balance","change the content of the page that USB user is redirected to when he has no enough balance","","4-Minor/Localized","4-Low","Risk Level 1","Online Application","Corporate Website","Change"
"CRQ000000073872","Draft","AAyman1","Products & Services Delivery","Charging & Mediation","Prepaid/Data Charging","8/27/2012 12:00:00 AM","8/27/2012 7:00:00 AM","Tariff Update","SMS Promo Launch","","4-Minor/Localized","4-Low","Risk Level 1","Charging System","SDP","Tariff Update"
"CRQ000000073857","Request For Authorization","AAwaad","Products & Services Delivery","Customer Management Systems","P&SD Commission & Extranet","8/26/2012 12:00:00 AM","8/27/2012 12:00:00 AM","scripts to be run on DCAPRD1 for dealer creation deployment","scripts to be run on DCAPRD1 for dealer creation deployment","","4-Minor/Localized","4-Low","Risk Level 1","Sales Application","Extranet","Database"
"CRQ000000073854","Rejected","ATayary","Products & Services Delivery","Customer Management Systems","P&SD Risk & POS","8/26/2012 12:00:00 AM","8/27/2012 12:00:00 AM","Change content of the page which  the user is redirected when he has no enough balance  ","Change content of the page which  the user is redirected when he has no enough balance  ","","4-Minor/Localized","4-Low","Risk Level 1","Online Application","Corporate Website","Change"
"CRQ000000073831","Draft","AAhmed125","Products & Services Delivery","Service Planning","Messaging","8/23/2012 12:00:00 AM","8/23/2012 1:00:00 AM","MEGA SMS","MEGA SMS","MEGA SMS","4-Minor/Localized","4-Low","Risk Level 1","Messaging","USSD","Modify Menu"
"CRQ000000073808","Request For Authorization","ARefai1","Products & Services Delivery","Charging & Mediation","Post-Paid Charging","8/23/2012 3:11:02 PM","8/24/2012 3:11:02 PM","Update New IPhone Diamond  SMS to be Partial","Update New IPhone Diamond  SMS to be Partial","","4-Minor/Localized","4-Low","Risk Level 1","CCBS Batch","CCBS 2nd Line","New Enhancement"
"CRQ000000073801","Request For Authorization","MTaha8","Products & Services Delivery","Business Intelligence","BI Information Governance","8/23/2012 3:00:00 PM","8/26/2012 12:00:00 PM","Open Firwall on CTB machines","open firwall access between dwh and CTB to reportin on content download transactions","","4-Minor/Localized","2-High","Risk Level 1","Network Security Software","Firewall Rule","Upgrade"
"CRQ000000073785","Request For Authorization","MRabie4","Products & Services Delivery","Customer Management Systems","P&SD Contact Center Interaction Management","8/23/2012 10:00:00 AM","8/26/2012 5:00:00 PM","Apply route SR to the creator functionality by importing business process","Apply route SR to the creator functionality by importing business process","Apply route SR to the creator functionality by importing business process","4-Minor/Localized","4-Low","Risk Level 1","Contact CenterCollaboration","CTI","Change"
"CRQ000000073779","Request For Authorization","IMottaleb","Products & Services Delivery","Customer Management Systems","P&SD Risk & POS","8/24/2012 12:00:00 AM","8/27/2012 11:30:00 PM","Change on HU C-program","Change HU customers capping","","4-Minor/Localized","4-Low","Risk Level 1","Enterprise Application","Risk Management","Change"
"CRQ000000073778","Request For Authorization","HMohamed47","Products & Services Delivery","Business Intelligence","BI Extraction","8/23/2012 12:00:00 AM","8/30/2012 12:00:00 AM","Apply change on Prepaid Separation","Apply change on Prepaid Separation","","4-Minor/Localized","4-Low","Risk Level 1","DWH Software","Database","Change"
"CRQ000000073772","Request For Authorization","MTayseer","Products & Services Delivery","Charging & Mediation","Payment Services","8/24/2012 1:00:00 AM","8/24/2012 2:00:00 AM","Change to accept only new MSISDN format","Change to accept only new MSISDN format. This CR should've been done earlier, but the old CR caused problems","Change to accept only new MSISDN format","4-Minor/Localized","4-Low","Risk Level 1","Internet Applications","Payment methods","Fix"
"CRQ000000073761","Draft","MMorshedy","Products & Services Delivery","Charging & Mediation","Pre-Paid Engineering","8/23/2012 12:00:00 AM","8/26/2012 12:00:00 AM","Add new Service Key to the CCNs 21, 24 and 26 on the application layer","Add new Service Key to the CCNs 21, 24 and 26 on the application layer","Add new Service Key to the CCNs 21, 24 and 26 on the application layer","4-Minor/Localized","4-Low","Risk Level 1","Charging System Support","CCN","Define/Modify Component/Function"
"CRQ000000073757","Draft","MHaggag3","Products & Services Delivery","Service Planning","Messaging","8/23/2012 12:00:00 AM","8/23/2012 1:00:00 AM","Weekend promo closure","Weekend promo closure","Weekend promo closure","4-Minor/Localized","4-Low","Risk Level 1","Messaging","USSD","Modify Menu"
"CRQ000000073752","Request For Authorization","SIbrahim5","Products & Services Delivery","Charging & Mediation","Post-Paid Charging","8/23/2012 2:22:49 PM","8/23/2012 2:22:50 PM","Run Batch related to Suspension Monthly Batches","Run Batch related to Suspension Monthly Batches","Run Batch related to Suspension Monthly Batches","4-Minor/Localized","2-High","Risk Level 1","CCBS Online","CCBS Voice & CC","New Project"
"CRQ000000073743","Draft","Mseada","Products & Services Delivery","CRM & Sales","Middleware","8/24/2012 12:00:00 AM","8/24/2012 4:00:00 AM","ttt","ttt","ttt","4-Minor/Localized","4-Low","Risk Level 1","EAI Software","Application","Deploy"
"CRQ000000073722","Draft","BHossam","Products & Services Delivery","Service Planning","Voice & Content","8/23/2012 12:00:00 AM","8/24/2012 12:00:00 AM","DA fix for Call Collect on IVR9-3","DA fix for Call Collect on IVR9-3","","4-Minor/Localized","4-Low","Risk Level 1","Voice & Content","CallCollect","Others"
"CRQ000000073721","Draft","BHossam","Products & Services Delivery","Service Planning","Voice & Content","8/23/2012 12:00:00 AM","8/24/2012 12:00:00 AM","DA fix for Call Collect","DA fix for Call Collect","","4-Minor/Localized","4-Low","Risk Level 1","Voice & Content","CallCollect","others"
"CRQ000000073671","Scheduled","WSalim","Products & Services Delivery","Charging & Mediation","Payment Services","8/23/2012 3:00:00 AM","8/23/2012 3:10:00 AM","Migrate eTopUp Traffic to another AIR servers","To avoid any service problem might happen because of current prepaid activity running on AIR9","WO to be executed on low traffic","4-Minor/Localized","4-Low","Risk Level 1","Payments","eTopUp","AIR Change"
"CRQ000000073653","Draft","MAshour6","Products & Services Delivery","Charging & Mediation","Pre-Paid Engineering","8/23/2012 1:00:00 AM","8/23/2012 5:00:00 AM","activating trial and error feature on AIR 19 as an FNI","activating trial and error feature on AIR 19 as an FNI","","4-Minor/Localized","4-Low","Risk Level 1","Charging System Support","AIR","Others"
"CRQ000000073649","Draft","MAshour6","Products & Services Delivery","Charging & Mediation","Pre-Paid Engineering","8/23/2012 1:00:00 AM","8/23/2012 2:00:00 AM","activaating trial and error feature on AIR 19 as an FNI","activaating trial and error feature on AIR 19 as an FNI","","4-Minor/Localized","4-Low","Risk Level 1","Charging System Support","SDP","Others"
"CRQ000000073645","Request For Authorization","SIbrahim5","Products & Services Delivery","Charging & Mediation","Post-Paid Charging","8/22/2012 5:09:56 PM","8/22/2012 5:09:57 PM","August Mega SMS Promo","August Mega SMS Promo","August Mega SMS Promo","4-Minor/Localized","3-Medium","Risk Level 1","CCBS Batch","CCBS Voice & CC","New Project"
"CRQ000000073644","Request For Authorization","HMohamed47","Products & Services Delivery","Business Intelligence","BI Extraction","8/22/2012 12:00:00 AM","8/29/2012 12:00:00 AM","Apply changes on ET_Reaction_Abuser_Base job","Apply changes on ET_Reaction_Abuser_Base job","","4-Minor/Localized","4-Low","Risk Level 1","DWH Software","DataStage Job","Change"
"CRQ000000073641","Draft","AAmin15","Products & Services Delivery","Charging & Mediation","Prepaid/Data Charging","8/23/2012 1:00:00 AM","8/23/2012 2:00:00 AM","Remove Barring for USB SCs","Remove Barring for USB SCs","","4-Minor/Localized","2-High","Risk Level 1","Charging System Support","SDP","Others"
"CRQ000000073632","Draft","MHaggag3","Products & Services Delivery","Service Planning","Messaging","8/22/2012 12:00:00 AM","8/22/2012 1:00:00 AM","Weekly bundle closure","Weekly bundle closure","Weekly bundle closure","4-Minor/Localized","4-Low","Risk Level 1","Messaging","USSD","new menu"
"CRQ000000073621","Request For Authorization","SIbrahim5","Products & Services Delivery","Charging & Mediation","Post-Paid Charging","8/22/2012 3:38:02 PM","8/22/2012 3:38:04 PM","Create New RatePlans 25 and 25 BB Flat(Open and Ctrl)","Create New RatePlans 25 and 25 BB Flat(Open and Ctrl)","","4-Minor/Localized","3-Medium","Risk Level 1","CCBS Batch","CCBS Voice & CC","New Project"
"CRQ000000073604","Request For Authorization","MMoro","Products & Services Delivery","Charging & Mediation","Post-Paid Charging","8/22/2012 12:00:00 AM","8/24/2012 12:00:00 AM","Change The Consumer Rateplans Names On Billing","Change The Consumer Rateplans Names On Billing","","4-Minor/Localized","4-Low","Risk Level 1","CCBS Batch","CCBS Voice & CC","Amendment"
"CRQ000000073603","Draft","MHaggag3","Products & Services Delivery","Service Planning","Messaging","8/22/2012 12:00:00 AM","8/22/2012 1:00:00 AM","Weekend promo","Weekend promo","Weekend promo","4-Minor/Localized","4-Low","Risk Level 1","Messaging","USSD","new menu"
"CRQ000000073587","Draft","AAmin15","Products & Services Delivery","Charging & Mediation","Prepaid/Data Charging","8/23/2012 1:00:00 AM","8/23/2012 2:00:00 AM","Tariff Update","Define SMS short code 2828","","4-Minor/Localized","4-Low","Risk Level 1","Charging System Support","SDP","Others"
"CRQ000000073579","Request For Authorization","ADeen1","Products & Services Delivery","Service Planning","Messaging","8/21/2012 12:00:00 AM","8/21/2012 1:00:00 AM","shokran closure","WO","","4-Minor/Localized","4-Low","Risk Level 1","Messaging","USSD","Modify Menu"
"CRQ000000073578","Request For Authorization","HMohamed47","Products & Services Delivery","Business Intelligence","BI Extraction","8/21/2012 12:00:00 AM","8/28/2012 12:00:00 AM","Migrate new promo opted model to production","Migrate new promo opted model to production","","4-Minor/Localized","4-Low","Risk Level 1","DWH Software","DataStage Job","Change"
"CRQ000000073577","Request For Authorization","HMohamed47","Products & Services Delivery","Business Intelligence","BI Extraction","8/21/2012 12:00:00 AM","8/28/2012 12:00:00 AM","Stop running of NBA_Recharge_Promo_Seq job","Stop running of NBA_Recharge_Promo_Seq job","","4-Minor/Localized","4-Low","Risk Level 1","DWH Software","DataStage Job","Change"
"CRQ000000073576","Request For Authorization","HMohamed47","Products & Services Delivery","Business Intelligence","BI Extraction","8/21/2012 12:00:00 AM","8/28/2012 12:00:00 AM","Stop running of OptInStatusMaster job","Stop running of OptInStatusMaster job","","4-Minor/Localized","4-Low","Risk Level 1","DWH Software","DataStage Job","Change"
"CRQ000000073573","Draft","MHaggag3","Products & Services Delivery","Service Planning","Messaging","8/21/2012 12:00:00 AM","8/21/2012 1:00:00 AM","control migration closure","control migration closure","control migration closure","4-Minor/Localized","4-Low","Risk Level 1","Messaging","USSD","new menu"
"CRQ000000073562","Request For Authorization","Mshabana1","Products & Services Delivery","CRM & Sales","Middleware","8/21/2012 3:00:00 PM","8/21/2012 5:00:00 PM","Deploy MESSAGING to add new Arabic SMS scripts.","Deploy MESSAGING to add new Arabic SMS scripts.","Deploy MESSAGING to add new Arabic SMS scripts.","4-Minor/Localized","3-Medium","Risk Level 1","EAI Software","Application","Deploy"
"CRQ000000073561","Cancelled","HOsama3","Products & Services Delivery","Capacity Planning & Support","Capacity Planning","8/22/2012 12:00:00 AM","8/22/2012 1:00:00 AM","hghfgh","dsfsdf","hfghfhfgh","4-Minor/Localized","4-Low","Risk Level 1","Change Approval","Change Approval","Change Approval"
"CRQ000000073535","Scheduled","KTaha","Products & Services Delivery","CRM & Sales","CRM Solution","8/21/2012 3:00:00 PM","8/23/2012 3:00:00 PM","ADSLPro Users cleanup","Remove x-users from accessing ADSLPro","","4-Minor/Localized","4-Low","Risk Level 1","CRM Software","ADSL Pro","Change"
"CRQ000000073529","Draft","MHaggag3","Products & Services Delivery","Service Planning","Messaging","8/21/2012 12:00:00 AM","8/21/2012 1:00:00 AM","Control migration closure","Control migration closure","","4-Minor/Localized","4-Low","Risk Level 1","Messaging","USSD","new menu"
"CRQ000000073527","Request For Authorization","MMattar","Products & Services Delivery","CRM & Sales","Middleware","8/22/2012 1:00:00 AM","8/22/2012 9:00:00 AM","Deploy Services and SERVICE_EXCEL domains","Deploy Services for preventing SR creation on COMPTEL upon failure due to susbcriber already exists error and SERVICE_EXCEL for updating the COM","Deploy Services for preventing SR creation on COMPTEL upon failure due to susbcriber already exists error and SERVICE_EXCEL for updating the COM","4-Minor/Localized","4-Low","Risk Level 1","EAI Software","Application","Deploy"
"CRQ000000073526","Rejected","AAhmed81","Products & Services Delivery","Service Planning","Messaging","8/21/2012 1:00:00 PM","8/22/2012 12:00:00 PM","OMN C5 access to DWH servers","OMN C5 access to DWH servers","","4-Minor/Localized","4-Low","Risk Level 1","Network Security Software","Firewall Rule","Upgrade"
"CRQ000000073524","Completed","MMazen2","Products & Services Delivery","CRM & Sales","Finance & HR systems","8/21/2012 12:00:00 AM","8/28/2012 12:00:00 AM","Restore ERP Backup","Restore ERP Backup","","4-Minor/Localized","4-Low","Risk Level 1","Backup Restore Process","Action","Restore"
"CRQ000000073519","Request For Authorization","AKilany1","Products & Services Delivery","Business Intelligence","BI Extraction","8/23/2012 12:00:00 AM","8/23/2012 1:00:00 AM","Promote Job MEGA_PROMO_SEQ to production on 10.230.91.190.","Promote Job MEGA_PROMO_SEQ to production on 10.230.91.190.","","4-Minor/Localized","4-Low","Risk Level 1","DWH Software","DataStage Job","Add new job"
"CRQ000000073515","Scheduled","ADeen1","Products & Services Delivery","Service Planning","Messaging","8/22/2012 12:00:00 AM","8/22/2012 7:00:00 AM","12 pts closure","menu closure","","4-Minor/Localized","4-Low","Risk Level 1","Messaging","USSD","new menu"
"CRQ000000073508","Request For Authorization","WSalim","Products & Services Delivery","Charging & Mediation","Payment Services","8/22/2012 2:00:00 AM","8/22/2012 3:00:00 AM","[All] Add new Service Classes for Enterprise Control","[All] Add new Service Classes for Enterprise Control","","4-Minor/Localized","4-Low","Risk Level 1","Payments","Balance Transfer","Application Configuration change"
"CRQ000000073475","Request For Authorization","MMoro","Products & Services Delivery","Charging & Mediation","Post-Paid Charging","8/19/2012 12:00:00 AM","8/21/2012 12:00:00 AM","Update Loyalty Flag On The Billing DB Related to Prepaid Pointing Project","Update Loyalty Flag On The Billing DB Related to Prepaid Pointing Project","","4-Minor/Localized","4-Low","Risk Level 1","CCBS Online","CCBS Voice & CC","Amendment"
"CRQ000000073473","Request For Authorization","HMohamed47","Products & Services Delivery","Business Intelligence","BI Extraction","8/19/2012 12:00:00 AM","8/26/2012 12:00:00 AM","Migrate change on WSMS interface job","Migrate change on WSMS interface job","","4-Minor/Localized","4-Low","Risk Level 1","DWH Software","DataStage Job","Add new job"
"CRQ000000073469","Scheduled","AAbdeen3","Products & Services Delivery","Service Planning","Messaging","8/19/2012 9:00:00 AM","8/19/2012 10:00:00 AM","roaming summer promo activation","roaming summer promo activation","","4-Minor/Localized","4-Low","Risk Level 1","Messaging","WSMS","Modify configurations"
"CRQ000000073456","Scheduled","AAbdeen3","Products & Services Delivery","Service Planning","Messaging","8/17/2012 12:00:00 AM","8/17/2012 2:00:00 AM","MSISDN's load","MSISDN's load","","4-Minor/Localized","4-Low","Risk Level 1","Messaging","WSMS","modify configurations"
"CRQ000000073449","Scheduled","AAbdeen3","Products & Services Delivery","Service Planning","Messaging","8/17/2012 1:00:00 AM","8/17/2012 2:00:00 AM","DATA Move activation","DATA Move activation","","4-Minor/Localized","4-Low","Risk Level 1","Messaging","WSMS","modify configurations"
"CRQ000000073444","Completed","SCoustandi","Products & Services Delivery","Service Planning","Data & Innovation","8/23/2012 10:00:00 AM","8/23/2012 11:00:00 AM","MSP - DWH access","This CR to add new MSP blades access to DWH node to FTP log files","Access to be opened from MSP blades in 172* range to DWH node in 10.230* range","4-Minor/Localized","3-Medium","Risk Level 1","Network Security Software","Install","Firewall Rule"
"CRQ000000073440","Draft","BHossam","Products & Services Delivery","Service Planning","Voice & Content","8/17/2012 12:00:00 AM","8/18/2012 12:00:00 AM","changing VLR and SMSs whitelist for EBN Khaldoon","changing VLR whitelist and SMSs for EBN Khaldoon","","4-Minor/Localized","4-Low","Risk Level 1","VAS Support","others","others"
"CRQ000000073368","Scheduled","AAhmed81","Products & Services Delivery","Service Planning","Messaging","8/17/2012 12:00:00 AM","8/17/2012 7:00:00 AM","rollback Eid_Ramadan Configurations 2","rollback Eid_Ramadan Configurations 2","","1-Extensive/Widespread","4-Low","Risk Level 5","Messaging","SMS","SMS FWL /  SPAM  (Firewall and SPAM configurations)"
"CRQ000000073363","Scheduled","AAbdeen3","Products & Services Delivery","Service Planning","Messaging","8/17/2012 12:30:00 AM","8/17/2012 1:00:00 AM","omra promo closure","omra promo closure","","4-Minor/Localized","4-Low","Risk Level 1","Messaging","WSMS","modify configurations"
"CRQ000000073361","Scheduled","AAhmed81","Products & Services Delivery","Service Planning","Messaging","8/18/2012 12:00:00 AM","8/18/2012 7:00:00 AM","Eid_ramadan Configurations_modification 2","Eid_ramadan Configurations_modification 2","","1-Extensive/Widespread","1-Critical","Risk Level 5","Messaging","SMS","SMS FWL /  SPAM  (Firewall and SPAM configurations)"
"CRQ000000073357","Request For Authorization","AGhazali","Products & Services Delivery","Charging & Mediation","Post-Paid Charging","8/16/2012 12:00:00 AM","8/17/2012 12:00:00 AM","Data Roaming Move","Data Roaming Move","","4-Minor/Localized","4-Low","Risk Level 1","CCBS Batch","CCBS Data","New Project"
"CRQ000000073356","Scheduled","AAhmed81","Products & Services Delivery","Service Planning","Messaging","8/17/2012 12:00:00 AM","8/17/2012 7:00:00 AM","MCK for Ramadan-Eid Preparations - rollback 2","MCK for Ramadan-Eid Preparations - rollback 2","","1-Extensive/Widespread","4-Low","Risk Level 5","Messaging","SMS","Modify configurations"
"CRQ000000073349","Scheduled","AAhmed81","Products & Services Delivery","Service Planning","Messaging","8/18/2012 12:00:00 AM","8/18/2012 7:00:00 AM","MCK for Ramadan-Eid Preparations 2","MCK for Ramadan-Eid Preparations 2","","1-Extensive/Widespread","2-High","Risk Level 5","Messaging","SMS","Modify Configurations"
"CRQ000000073343","Scheduled","HMohamed47","Products & Services Delivery","Business Intelligence","BI Extraction","8/16/2012 12:00:00 AM","8/23/2012 12:00:00 AM","Apply change on BD procedure","Apply change on BD procedure","","4-Minor/Localized","4-Low","Risk Level 1","DWH Software","Database","Change"
"CRQ000000073337","Completed","SGad2","Products & Services Delivery","Business Intelligence","BI CVM","8/16/2012 12:00:00 AM","8/21/2012 12:00:00 AM","Open Firewall","Open Firewall access to new comers in Business Intelligence team to Business Objects, Data Stage and EXAData to perform their daily job duties, developing reports and models for the business","","4-Minor/Localized","4-Low","Risk Level 1","Network Security Software","Firewall Rule","Upgrade"
"CRQ000000073335","Scheduled","crms","Products & Services Delivery","CRM & Sales","CRM Solution","8/16/2012 2:00:00 PM","8/16/2012 4:00:00 PM","Update Account Owner Jul 2012","Update Account Owner Jul 2012","Update Account Owner Jul 2012","4-Minor/Localized","4-Low","Risk Level 1","CRM Software","Siebel","Change"
"CRQ000000073318","Request For Authorization","crms","Products & Services Delivery","CRM & Sales","CRM Solution","8/16/2012 12:00:00 PM","8/16/2012 2:00:00 PM","New Online Store Creation","New Online Store Creation","","4-Minor/Localized","4-Low","Risk Level 1","SR-CR Process","POS","POS"
"CRQ000000073316","Request For Authorization","MMohsen4","Products & Services Delivery","Charging & Mediation","Post-Paid Charging","8/16/2012 12:00:00 AM","8/17/2012 12:00:00 AM","Create new  table PE_ZNCODE_CATEGORY","Lookup to be used by the PE to check the ZNCode categories  either Vodafone, Mobinil , etisalat, IVR, landline or international","","3-Moderate/Limited","3-Medium","Risk Level 1","CCBS Batch","CCBS Voice & CC","New Project"
"CRQ000000073313","Request For Authorization","crms","Products & Services Delivery","CRM & Sales","CRM Solution","8/16/2012 12:00:00 PM","8/16/2012 2:00:00 PM","POS Release 1023","POS Release 1023","","4-Minor/Localized","4-Low","Risk Level 1","SR-CR Process","POS","POS"
"CRQ000000073296","Request For Authorization","YFeshawy","Products & Services Delivery","Charging & Mediation","Post-Paid Charging","8/16/2012 12:00:00 AM","8/17/2012 12:00:00 AM","NDCs Update: (TKMBC)","NDCs Update: (TKMBC)","NDCs Update: (TKMBC)","4-Minor/Localized","4-Low","Risk Level 1","CCBS Batch","CCBS 2nd Line","Operational"
"CRQ000000073292","Request For Authorization","AGhazali","Products & Services Delivery","Charging & Mediation","Post-Paid Charging","8/16/2012 12:00:00 AM","8/17/2012 12:00:00 AM","Easy BB Deactivation","Easy BB Deactivation","","4-Minor/Localized","4-Low","Risk Level 1","CCBS Batch","CCBS Data","Fix"
"CRQ000000073266","Draft","MHaggag3","Products & Services Delivery","Service Planning","Messaging","8/15/2012 12:00:00 AM","8/15/2012 1:00:00 AM","848 changes","848 changes","848 changes","4-Minor/Localized","4-Low","Risk Level 1","Messaging","USSD","new menu"
"CRQ000000073237","Scheduled","ANaggar","Products & Services Delivery","Service Planning","Online Enterprise","8/16/2012 8:00:00 AM","8/16/2012 10:00:00 AM","Maintenance of server 10.230.91.98 (internal apps) & re-deployment of Together We Sell application","Maintenance of server 10.230.91.98 (internal apps) & re-deployment of Together We Sell application","","4-Minor/Localized","1-Critical","Risk Level 1","DC Systems Database","Application","Maintenance"
"CRQ000000073228","Request For Authorization","MTaha8","Products & Services Delivery","Business Intelligence","BI Information Governance","8/15/2012 3:00:00 PM","8/16/2012 12:00:00 PM","Migrating DWH tables to production","Migrating DWH tables to production","Migrating DWH tables to production","4-Minor/Localized","2-High","Risk Level 1","DWH Software","Database","Migration"
"CRQ000000073130","Request For Authorization","SIbrahim5","Products & Services Delivery","Charging & Mediation","Post-Paid Charging","8/15/2012 3:56:26 PM","8/15/2012 3:56:29 PM","Add Migration out to Max rate plans","Add Migration out to Max rate plans","Add Migration out to Max rate plans","4-Minor/Localized","2-High","Risk Level 1","CCBS Batch","CCBS Voice & CC","New Project"
"CRQ000000073126","Scheduled","MSheta1","Products & Services Delivery","Customer Management Systems","P&SD Contact Center Interaction Management","8/16/2012 9:00:00 AM","8/16/2012 5:00:00 PM","I need to create new application on CME for ICON which will replace  CCON application","CCon is out of support and we will migrate to ICON application","CCON is application using in CTI reporting and it is out of support so we need to migrate to new application ICON to migrate to ICON we need to create new application on Configuration server to start migration","4-Minor/Localized","4-Low","Risk Level 1","Contact CenterCollaboration","CTI","Change"
"CRQ000000073095","Request For Authorization","MGamal20","Products & Services Delivery","Customer Management Systems","P&SD Contact Center Interaction Management","8/15/2012 12:00:00 AM","8/31/2012 12:00:00 AM","Enhance Forced migration functionality to play different prompts based on segments","Enhance Forced migration functionality to play different prompts based on segments","Enhance Forced migration functionality to play different prompts based on segments","4-Minor/Localized","4-Low","Risk Level 1","Contact CenterCollaboration","CTI","Change"
"CRQ000000073052","Draft","AAmin15","Products & Services Delivery","Charging & Mediation","Prepaid/Data Charging","8/21/2012 1:00:00 AM","8/21/2012 2:00:00 AM","858 IRS WO","Modify 858 IRS application to add the new launched service classes","Modify 858 IRS application to add the new launched service classes","4-Minor/Localized","2-High","Risk Level 1","Channels Support","Huawei Application Server","Others"
"CRQ000000073033","Scheduled","Mshabana1","Products & Services Delivery","CRM & Sales","Middleware","8/14/2012 11:59:00 PM","8/15/2012 2:00:00 AM","Deploy MESSAGING and MESSAGING_TIMER to migrate table SMS_NEW from CIMPRD1 to EAICRM1.","Deploy MESSAGING and MESSAGING_TIMER to migrate table SMS_NEW from CIMPRD1 to EAICRM1.","Deploy MESSAGING and MESSAGING_TIMER to migrate table SMS_NEW from CIMPRD1 to EAICRM1.","4-Minor/Localized","2-High","Risk Level 1","EAI Software","Application","Deploy"
"CRQ000000073016","Scheduled","MShimy","Products & Services Delivery","CRM & Sales","CRM Solution","8/15/2012 11:00:00 AM","8/15/2012 2:00:00 PM","Deploy Ramadan Promo & enhance daily usage importer","Deploy Ramadan Promo & enhance daily usage importer","","4-Minor/Localized","4-Low","Risk Level 1","CRM Software","Loyalty","Change"
"CRQ000000073015","Draft","ARefai1","Products & Services Delivery","Charging & Mediation","Post-Paid Charging","8/14/2012 3:40:21 PM","8/15/2012 3:40:22 PM","Migrate SMS Scripts to production for the change of TIBCO","Migrate SMS Scripts to production for the change of TIBCO","","4-Minor/Localized","4-Low","Risk Level 1","CCBS Batch","CCBS 2nd Line","Operational"
"CRQ000000072993","Scheduled","Wsaber","Products & Services Delivery","CRM & Sales","Middleware","8/15/2012 12:00:00 AM","8/15/2012 3:00:00 AM","Deploy SERVICES and EventReference for MAX automation project","Deploy SERVICES and EventReference for MAX automation project","","4-Minor/Localized","4-Low","Risk Level 1","EAI Software","Application","Deploy"
"CRQ000000072983","Draft","MHaggag3","Products & Services Delivery","Service Planning","Messaging","8/14/2012 12:00:00 AM","8/14/2012 1:00:00 AM","Ianswer engezly","Ianswer engezly new menu","Ianswer engezly","4-Minor/Localized","4-Low","Risk Level 1","Messaging","USSD","new menu"
"CRQ000000072964","Scheduled","MShimy","Products & Services Delivery","CRM & Sales","CRM Solution","8/15/2012 3:00:00 AM","8/15/2012 7:00:00 AM","Siebel Release V0.64","Siebel Release V0.64","","4-Minor/Localized","4-Low","Risk Level 1","CRM Software","Siebel","Change"
"CRQ000000072958","Scheduled","Mshabana1","Products & Services Delivery","CRM & Sales","Middleware","8/14/2012 1:00:00 PM","8/14/2012 3:00:00 PM","Change ""Operation Manual"" of MNP and VOIP.","To change the listed TIBCO machine, due to the upgrade.","Change ""Operation Manual"" of MNP and VOIP,To change the listed TIBCO machine to ""10.230.92.220"", due to the upgrade.","4-Minor/Localized","2-High","Risk Level 1","Operation Team Applications","AJS Application","Change"
"CRQ000000072956","Completed","GSawiris","Products & Services Delivery","Customer Management Systems","P&SD Contact Center Interaction Management","8/15/2012 10:00:00 AM","8/15/2012 12:00:00 PM","Prevent prank customers from transfering to CC representatives on IVR 888","Prevent prank customers from transfering to CC representatives on IVR 888","","4-Minor/Localized","4-Low","Risk Level 1","Contact CenterCollaboration","IVR","Change"
"CRQ000000072921","Rejected","MMohamed169","Products & Services Delivery","Customer Management Systems","P&SD Business Processes Automation","8/14/2012 11:04:34 AM","8/14/2012 2:04:37 PM","test change","test change","","4-Minor/Localized","4-Low","Risk Level 1","Business Processes Automation","Incident Management","Change"
"CRQ000000072902","Scheduled","MShimy","Products & Services Delivery","CRM & Sales","CRM Solution","8/14/2012 10:30:00 AM","8/14/2012 12:30:00 PM","Enhance Usage importer engine","Enhance Usage importer engine","","4-Minor/Localized","4-Low","Risk Level 1","CRM Software","Loyalty","Change"
"CRQ000000072892","Request For Authorization","MSweesy","Products & Services Delivery","Charging & Mediation","Post-Paid Charging","8/14/2012 10:00:00 AM","8/14/2012 5:00:00 PM","BSCS Procedures Logging","BSCS Procedures Logging","BSCS Procedures Logging","4-Minor/Localized","4-Low","Risk Level 1","CCBS Batch","CCBS Voice & CC","New Project"
"CRQ000000072886","Request For Authorization","MMoro","Products & Services Delivery","Charging & Mediation","Post-Paid Charging","8/13/2012 12:00:00 AM","8/15/2012 12:00:00 AM","Modify BIS Pack To Include CTRL BB","Modify BIS Pack To Include CTRL BB","","4-Minor/Localized","4-Low","Risk Level 1","CCBS Batch","CCBS Voice & CC","Fix"
"CRQ000000072883","Scheduled","Mshabana1","Products & Services Delivery","CRM & Sales","Middleware","8/14/2012 7:00:00 AM","8/14/2012 9:00:00 AM","Firewall Access between Call-Center Agents Machines and TIBCO load-balancer .","Firewall Access between Call-Center Agents Machines and TIBCO load-balancer to view Customer's PDF invoices hosted on TIBCO's web-servers.","Firewall Access between Call-Center Agents Machines and TIBCO load-balancer to view Customer's PDF invoices hosted on TIBCO's web-servers.","4-Minor/Localized","2-High","Risk Level 1","Network Security Software","Install","Firewall Rule"
"CRQ000000072844","Scheduled","ANaggar","Products & Services Delivery","Service Planning","Online Enterprise","8/14/2012 9:00:00 AM","8/14/2012 11:00:00 AM","Access from website Apache machines (N4) to application servers (N5)","Access from website Apache machines (N4) to application servers (N5)    Connection [A]  ------------------------  Sources:  192.168.4.127  192.168.4.134    Destinations:  192.168.5.37  192.168.5.38    Ports:  7001  To  7010  7777    Connection [B]  ------------------------  Sources:  192.168.5.37  192.168.5.38    Destinations:  192.168.4.120     Ports:  80,443,4444","","4-Minor/Localized","2-High","Risk Level 1","Network Security Software","Firewall Rule","Upgrade"
"CRQ000000072811","Scheduled","HMohamed47","Products & Services Delivery","Business Intelligence","BI Extraction","8/13/2012 12:00:00 AM","8/20/2012 12:00:00 AM","Apply chnages on ODS_PROFILE_SERVICE, ODS_PR_SERV_STATUS_HIST and ODS_PR_SERV_SPCODE_HIST tables","Apply chnages on ODS_PROFILE_SERVICE, ODS_PR_SERV_STATUS_HIST and ODS_PR_SERV_SPCODE_HIST tables","","4-Minor/Localized","4-Low","Risk Level 1","DWH Software","Database","Change"
"CRQ000000072807","Scheduled","SIbrahim5","Products & Services Delivery","Charging & Mediation","Post-Paid Charging","8/13/2012 3:56:30 PM","8/13/2012 3:56:32 PM","Run Batch related to Suspension Monthly Batches","Run Batch related to Suspension Monthly Batches","Run Batch related to Suspension Monthly Batches","4-Minor/Localized","4-Low","Risk Level 1","CCBS Online","CCBS Voice & CC","New Project"
"CRQ000000072805","Request For Authorization","ANaggar","Products & Services Delivery","Service Planning","Online Enterprise","8/13/2012 2:00:00 PM","8/13/2012 4:00:00 PM","Replace ""production"" Google Search Appliance by ""DR appliance","Replace ""production"" Google Search Appliance by ""DR appliance  This is needed because production appliance expired and not functioning properly and impacting search capability. Also impactig stability of website & eShop due to delays/timeouts from appliance side to online requests","","4-Minor/Localized","2-High","Risk Level 1","DC Systems Hardware","Machine","Replace"
"CRQ000000072802","Scheduled","BHossam","Products & Services Delivery","Service Planning","Voice & Content","8/13/2012 12:00:00 AM","8/14/2012 12:00:00 AM","change the daily subscription validity for call filtration to be set to zero","change the daily subscription validity for call filtration to be set to zero","","4-Minor/Localized","4-Low","Risk Level 1","VAS Support","Others","Others"
"CRQ000000072783","Completed","MMazen2","Products & Services Delivery","CRM & Sales","Finance & HR systems","8/13/2012 12:00:00 AM","8/20/2012 12:00:00 AM","Open Ports","Open Ports","","4-Minor/Localized","4-Low","Risk Level 1","Network Security Software","Firewall Rule","Maintenance"
"CRQ000000072779","Scheduled","MMazen2","Products & Services Delivery","CRM & Sales","Finance & HR systems","8/13/2012 12:00:00 AM","8/20/2012 12:00:00 AM","Open Ports","Test Integration","Open Ports","4-Minor/Localized","4-Low","Risk Level 1","Network Security Software","Firewall Rule","Maintenance"
"CRQ000000072737","Scheduled","MShimy","Products & Services Delivery","CRM & Sales","CRM Solution","8/13/2012 11:00:00 AM","8/13/2012 1:00:00 PM","Fix Vodafone ElSuper membership status for prepaid pointing system and enroll test numbers","Fix Vodafone ElSuper membership status for prepaid pointing system","","4-Minor/Localized","4-Low","Risk Level 1","CRM Software","Loyalty","Change"
"CRQ000000072736","Request For Authorization","AGhazali","Products & Services Delivery","Charging & Mediation","Post-Paid Charging","8/13/2012 12:00:00 AM","8/14/2012 12:00:00 AM","increase the BB unlimited quota to 5GB instead of 3GB","increase the BB unlimited quota to 5GB instead of 3GB","","4-Minor/Localized","4-Low","Risk Level 1","CCBS Batch","CCBS Data","Amendment"
"CRQ000000072720","Completed","GSawiris","Products & Services Delivery","Customer Management Systems","P&SD Contact Center Interaction Management","8/13/2012 11:00:00 AM","8/15/2012 12:00:00 AM","Grant IVR user access to ODS Get Prank Callers stored procedure","Prank callers will not be able to transfer to a CC representative. IVR will call a stored procedure on ODS to get flag.","","4-Minor/Localized","4-Low","Risk Level 1","Contact CenterCollaboration","IVR","Change"
"CRQ000000072708","Draft","MMoro","Products & Services Delivery","Charging & Mediation","Post-Paid Charging","8/12/2012 12:00:00 AM","8/13/2012 12:00:00 AM","Assign New Customer For ElSweedy Promo As per Commercial Req","Assign New Customer For ElSweedy Promo As per Commercial Req","","4-Minor/Localized","4-Low","Risk Level 1","CCBS Batch","CCBS Voice & CC","New Project"
"CRQ000000072679","Draft","MHaggag3","Products & Services Delivery","Service Planning","Messaging","8/12/2012 12:00:00 AM","8/12/2012 1:00:00 AM","weekly bundle launch","weekly bundle launch","weekly bundle launch","4-Minor/Localized","4-Low","Risk Level 1","Messaging","USSD","new menu"
"CRQ000000072678","Request For Authorization","MSheta1","Products & Services Delivery","Customer Management Systems","P&SD Contact Center Interaction Management","8/12/2012 3:00:00 PM","8/13/2012 11:00:00 AM","Update Business process on iWD","To modify rule on iWD","Update Business process on iWD","4-Minor/Localized","4-Low","Risk Level 1","Contact CenterCollaboration","CTI","Change"
"CRQ000000072662","Completed","MTaha8","Products & Services Delivery","Business Intelligence","BI Information Governance","8/12/2012 3:00:00 PM","8/13/2012 12:00:00 PM","open firwall between dwh and mega promo database for reporting","open firwall between dwh and mega promo database for reporting","","4-Minor/Localized","4-Low","Risk Level 1","Network Security Software","Firewall Rule","Upgrade"
"CRQ000000072658","Scheduled","Mshabana1","Products & Services Delivery","CRM & Sales","Middleware","8/13/2012 1:00:00 AM","8/13/2012 3:00:00 AM","Deploy INTERNET and SERVICES.","Deploy INTERNET and SERVICES for Max rate-plans","Deploy INTERNET and SERVICES for Max rate-plans","4-Minor/Localized","4-Low","Risk Level 1","EAI Software","Application","Deploy"
"CRQ000000072638","Request For Authorization","RSayed13","Products & Services Delivery","Charging & Mediation","Mediation","8/12/2012 1:51:46 PM","8/12/2012 1:51:49 PM","remove Nefer","remove Nefer","CRQ000000072638CRQ000000072638","4-Minor/Localized","4-Low","Risk Level 1","Offline Mediation","HW/SW","Change Configuration"
"CRQ000000072584","Request For Authorization","MMoro","Products & Services Delivery","Technology","P&SD Billing","8/11/2012 12:00:00 AM","8/12/2012 12:00:00 AM","Modify Short Code and Change Rating Package Of Rateplan Top 50 Exclusives",".","Modify Short Code and Change Rating Package Of Rateplan Top 50 Exclusives","4-Minor/Localized","4-Low","Risk Level 1","CCBS Batch","CCBS Voice & CC","Amendment"
"CRQ000000072577","Request For Authorization","MMoro","Products & Services Delivery","Technology","P&SD Billing","8/10/2012 12:00:00 AM","8/11/2012 12:00:00 AM","Run BTOOL to activate IPhone No Cap Max",".","Run BTOOL to activate IPhone No Cap Max","4-Minor/Localized","4-Low","Risk Level 1","CCBS Online","CCBS Voice & CC","Amendment"
"CRQ000000072568","Request For Authorization","MMoro","Products & Services Delivery","Technology","P&SD Billing","8/9/2012 12:00:00 AM","8/10/2012 12:00:00 AM","Migrate 2 New Scripts Related To Mega Promo and Sherkety Promotion",".","Migrate 2 New Scripts Related To Mega Promo and Sherkety Promotion","4-Minor/Localized","4-Low","Risk Level 1","CCBS Batch","CCBS Voice & CC","New Project"
"CRQ000000072555","Scheduled","crms","Products & Services Delivery","Technology","P&SD Applications","8/12/2012 7:00:00 AM","8/12/2012 9:00:00 AM","New Stores Creation",".","New Stores Creation","4-Minor/Localized","4-Low","Risk Level 1","Sales Application","POS","Change"
"CRQ000000072547","Scheduled","Mseada","Products & Services Delivery","Technology","P&SD CRM Middleware","8/9/2012 8:00:00 PM","8/9/2012 10:00:00 PM","Deploy CUSTOMERCAREWRITE fro mega rpomo base project ,",".","Deploy CUSTOMERCAREWRITE fro mega rpomo base project , the change contains bundling services while activiting the promo service","4-Minor/Localized","4-Low","Risk Level 1","EAI Software","Application","Deploy"
"CRQ000000072521","Completed","MSheta1","Products & Services Delivery","Technology","P&SD CRM CTI-IVR","8/9/2012 1:00:00 PM","8/9/2012 5:00:00 PM","Update Business process for iwd",".","Update Business process for iwd","4-Minor/Localized","4-Low","Risk Level 1","Contact CenterCollaboration","CTI","Change"
"CRQ000000072512","Request For Authorization","HMohamed47","Products & Services Delivery","Technology","P&SD Data Warehouse","8/9/2012 12:00:00 AM","8/16/2012 12:00:00 AM","Migrate Omar Promo job to production",".","Migrate Omar Promo job to production","4-Minor/Localized","4-Low","Risk Level 1","DWH Software","DataStage Job","Add new job"
"CRQ000000072505","Request For Authorization","HMohamed47","Products & Services Delivery","Technology","P&SD Data Warehouse","8/9/2012 12:00:00 AM","8/16/2012 12:00:00 AM","Migrate Prepaid_Point job to production",".","Migrate Prepaid_Point job to production","4-Minor/Localized","4-Low","Risk Level 1","DWH Software","DataStage Job","Add new job"
"CRQ000000072502","Completed","MMohamed169","Products & Services Delivery","Technology","P&SD Business Processes Automation","8/9/2012 9:11:24 AM","8/9/2012 1:20:24 PM","Firewall for egoctwirmd03 Remedy Application server",".","Firewall for egoctwirmd03 Remedy Application server","4-Minor/Localized","4-Low","Risk Level 1","Network Security Software","Install","Firewall Rule"
"CRQ000000072497","Scheduled","SHatem","Products & Services Delivery","Technology","P&SD Billing","8/9/2012 10:00:00 AM","8/9/2012 1:00:00 PM","Tertio change configuration",".","Remove CSDB I and II from configuration","4-Minor/Localized","4-Low","Risk Level 1","CCBS Online","Provisioning","Configuration files"
"CRQ000000072494","Request For Authorization","MSweesy","Products & Services Delivery","Technology","P&SD Billing","8/9/2012 9:00:00 AM","8/12/2012 9:00:00 PM","BC11 Aug- activites",".","BC11 Aug- activites","4-Minor/Localized","4-Low","Risk Level 1","CCBS Batch","CCBS 2nd Line","BC"
"CRQ000000072487","Draft","MMohsen4","Products & Services Delivery","Technology","P&SD Billing","8/8/2012 12:00:00 AM","8/9/2012 12:00:00 AM","Retentoin Offer",".","Retentoin Offer","3-Moderate/Limited","4-Low","Risk Level 1","CCBS Batch","CCBS Voice & CC","New Project"
"CRQ000000072464","Scheduled","MMattar","Products & Services Delivery","Technology","P&SD CRM Middleware","8/8/2012 12:00:00 AM","8/9/2012 7:00:00 AM","Deploy Service domain to solve TITO PAY activation",".","Deploy Service domain to solve TITO PAY activation to prevent changing rate plan for vf easy customers  and run DB scripts on EAICRM1 for  MGM project","4-Minor/Localized","4-Low","Risk Level 1","EAI Software","Application","Deploy"
"CRQ000000072454","Request For Authorization","AGhazali","Products & Services Delivery","Technology","P&SD Billing","8/8/2012 12:00:00 AM","8/9/2012 12:00:00 AM","International Calling Country codes Check",".","International Calling Country codes Check","4-Minor/Localized","4-Low","Risk Level 1","CCBS Batch","CCBS Data","New Project"
"CRQ000000072441","Scheduled","HAtta1","Products & Services Delivery","Technology","P&SD Data Warehouse","8/9/2012 11:30:00 AM","8/9/2012 2:00:00 PM","Downtime on NBA Siebel Production and 3 IVR  ",".","Downtime on NBA Siebel Production and 3 IVR","4-Minor/Localized","4-Low","Risk Level 1","Campaigns & Capabilities","NBA","Adding a new NBA offer"
"CRQ000000072434","Completed","MTaha8","Products & Services Delivery","Technology","P&SD Data Warehouse","8/8/2012 12:00:00 PM","8/9/2012 12:00:00 AM","Open Firwall between DWH and Promo database to report on mega promo",".","Open Firwall between DWH and Promo database to report on mega promo","4-Minor/Localized","2-High","Risk Level 1","Network Security Software","Install","Firewall Rule"
"CRQ000000072427","Scheduled","ARefai1","Products & Services Delivery","Technology","P&SD Billing","8/8/2012 12:57:33 PM","8/9/2012 12:57:34 PM","Easy Services Clean Up",".","Easy Services Clean Up","4-Minor/Localized","4-Low","Risk Level 1","CCBS Batch","CCBS 2nd Line","Operational"
"CRQ000000072403","Scheduled","MSalem15","Products & Services Delivery","Technology","P&SD CRM Middleware","8/8/2012 3:00:00 PM","8/8/2012 5:00:00 PM","Deploy Messaging and eventreference",".","Deploy Messaging and eventreference","4-Minor/Localized","4-Low","Risk Level 1","EAI Software","Application","Deploy"
"CRQ000000072399","Scheduled","HAtta1","Products & Services Delivery","Technology","P&SD Data Warehouse","8/8/2012 11:30:00 AM","8/8/2012 2:00:00 PM","Downtime on NBA Siebel Production and 3 IVR",".","Downtime on NBA Siebel Production and 3 IVR","4-Minor/Localized","4-Low","Risk Level 1","Campaigns & Capabilities","NBA","Adding a new NBA offer"
"CRQ000000072397","Draft","HAtta1","Products & Services Delivery","Technology","P&SD Data Warehouse","8/8/2012 11:30:00 AM","8/8/2012 2:00:00 PM","Downtime on NBA Siebel Production and 3 IVR",".","Downtime on NBA Siebel Production and 3 IVR","4-Minor/Localized","4-Low","Risk Level 1","Campaigns & Capabilities","NBA","Adding a new NBA offer"
"CRQ000000072393","Draft","HAtta1","Products & Services Delivery","Technology","P&SD Data Warehouse","8/8/2012 11:30:00 AM","8/8/2012 2:00:00 PM","Downtime on NBA Siebel Production and 3 IVR Channels  ",".","Downtime on NBA Siebel Production and 3 IVR Channels","4-Minor/Localized","4-Low","Risk Level 1","Campaigns & Capabilities","NBA","Adding a new NBA offer"
"CRQ000000072392","Completed","MSweesy","Products & Services Delivery","Technology","P&SD Billing","8/8/2012 10:30:00 AM","8/8/2012 5:00:00 PM","Access to OTA server for E2E team",".","Access to OTA server for E2E team","4-Minor/Localized","4-Low","Risk Level 1","Network Security Software","Firewall Rule","Upgrade"
"CRQ000000072387","Draft","Gmichael","Products & Services Delivery","Technology","P&SD Billing","8/7/2012 12:00:00 AM","8/8/2012 12:00:00 AM","update country in ccontact_all table for customers without country code due to batch takeover action",".","update country in ccontact_all table for customers without country code due to batch takeover action","2-Significant/Large","2-High","Risk Level 1","CCBS Batch","CCBS 2nd Line","Production Issue"
"CRQ000000072376","Scheduled","AAwaad","Products & Services Delivery","Technology","P&SD Internet","8/7/2012 12:00:00 AM","8/8/2012 12:00:00 AM","Contract Return Monthly Indices",".","Contract Return Monthly Indices","4-Minor/Localized","4-Low","Risk Level 1","Sales Application","Extranet","Database"
"CRQ000000072371","Scheduled","Wsaber","Products & Services Delivery","Technology","P&SD CRM Middleware","8/8/2012 12:00:00 AM","8/8/2012 3:00:00 AM","Deploy CCWSII and SERVICES for Sherkety release 4 with Siebel Release",".","Deploy CCWSII and SERVICES for Sherkety release 4 with Siebel Release","4-Minor/Localized","4-Low","Risk Level 1","EAI Software","Application","Deploy"
"CRQ000000072370","Scheduled","crms","Products & Services Delivery","Technology","P&SD Applications","8/8/2012 12:00:00 PM","8/8/2012 2:00:00 PM","Deploy Prepaid Usage engine and bulk points action request",".","Deploy Prepaid Usage engine and bulk points action request","4-Minor/Localized","4-Low","Risk Level 1","CRM Software","Loyalty","Change"
"CRQ000000072351","Request For Authorization","Mshabana1","Products & Services Delivery","Technology","P&SD CRM Middleware","8/7/2012 2:00:00 PM","8/8/2012 2:00:00 PM","Adding New Machine to VPN connection from TMNS (VF-EG 3rd party company) and VF-EG",".","Adding New Machine to the already-existing VPN connection from TMNS (VF-EG 3rd party company) and VF-EG for the vendor (TMNS) to access HP Quality Center for bug tracking, for the  ""NTS Replacement"" project ,and open firewall access to the machine hosting the HP Quality Center.    Source IPs:  92.70.109.117   92.70.109.118    Destination Machines:  196.204.2.163: HTTP , HTTPS    Duration:  12 months","4-Minor/Localized","3-Medium","Risk Level 1","Infrastructue LAN-WAN","Install","Other"
"CRQ000000072340","Request For Authorization","MTaha8","Products & Services Delivery","Technology","P&SD Data Warehouse","8/7/2012 12:00:00 PM","8/8/2012 12:00:00 AM","Opening Firewall to Workbench application",".","Opening Firewall to work bech application","4-Minor/Localized","4-Low","Risk Level 1","Network Security Software","Firewall Rule","Upgrade"
"CRQ000000072338","Scheduled","crms","Products & Services Delivery","Technology","P&SD Applications","8/8/2012 3:00:00 AM","8/8/2012 7:00:00 AM","Release 0.63",".","Release 0.63","4-Minor/Localized","4-Low","Risk Level 1","CRM Software","Siebel","Change"
"CRQ000000072337","Request For Authorization","MSheta1","Products & Services Delivery","Technology","P&SD CRM CTI-IVR","8/7/2012 12:00:00 PM","8/7/2012 3:00:00 PM","add new column in iWDprd1 called 'MSISDN' varchar '20'",".","add new column in iWDprd1 called 'MSISDN' varchar '20' in tables Interactions, RPT_ESP and RPT_Interactions","4-Minor/Localized","4-Low","Risk Level 1","Contact CenterCollaboration","CTI","Change"
"CRQ000000072332","Completed","MMazen2","Products & Services Delivery","Technology","P&SD Finance & HR","8/7/2012 12:00:00 AM","8/14/2012 12:00:00 AM","Open port for DCA Prodaction",".","Prodaction","4-Minor/Localized","4-Low","Risk Level 1","Network Security Software","Firewall Rule","Maintenance"
"CRQ000000072318","Completed","Mshabana1","Products & Services Delivery","Technology","P&SD CRM Middleware","8/7/2012 8:00:00 AM","8/7/2012 10:00:00 AM","Firewall Access between TIBCO and Remedy for ""Sales Process"" project.",".","Firewall Access between TIBCO and Remedy for ""Sales Process"" project.","4-Minor/Localized","2-High","Risk Level 1","Network Security Software","Install","Firewall Rule"
"CRQ000000072313","Completed","MMohamed44","Products & Services Delivery","Technology","P&SD Billing","8/7/2012 10:00:00 AM","8/7/2012 2:00:00 PM","Sherkety Dev: Required Connections",".","The main purpose of this CR is to allow the connectivity between my corporate machines and Sherkety testing server.    Source: IT100CR,IT3055D  Destination: 10.100.254.216  Port: 22,1528","4-Minor/Localized","2-High","Risk Level 1","Network Security Software","Install","Firewall Rule"
"CRQ000000072311","Scheduled","Wsaber","Products & Services Delivery","Technology","P&SD CRM Middleware","8/7/2012 12:00:00 AM","8/7/2012 3:00:00 AM","Deploy CCWVBCI, SERVICES domains for Prepaid Pointing from Siebel  ",".","Deploy CCWVBCI, SERVICES domains for Prepaid Pointing from Siebel  ","4-Minor/Localized","4-Low","Risk Level 1","EAI Software","Application","Deploy"
"CRQ000000072305","Scheduled","MMohamed44","Products & Services Delivery","Technology","P&SD Billing","8/7/2012 8:00:00 AM","8/7/2012 1:00:00 PM","Sherkety: Domain Creation Fix",".","The main purpose of this CR is to deploy the required fixes for both Sherkety Portal and Sherkety backend API's for updating the domain status as ""CREATED"" in the ENGLISH_DOMAIN table.    Steps:  ---------  1- Copy the new ""eagleEAR.ear"" and ""bizwsEAR.ear"" to both 192.168.4.73 and 4.203.  2- Take backup from old EARs on both servers ""eagleEAR.ear"" and ""bizwsEAR.ear"" .  3- On 192.168.4.73, go to the weblogic and stop the eagleEAR.ear.  4- Deploy the new EAR.  5- Do steps 3 &4 for bizwsEAR.ear.  6- For 192.168.4.203, please repeat steps from 3 to 5.    **Note: Both of the new EARs are included in the CR Task ""WorkInfo"" sheet.","4-Minor/Localized","2-High","Risk Level 1","Internet Applications","Others","Others"
"CRQ000000072296","Draft","MMohsen4","Products & Services Delivery","Technology","P&SD Billing","8/6/2012 12:00:00 AM","8/7/2012 12:00:00 AM","Invoice Discount Jul2012",".","Invoice Discount Jul2012","3-Moderate/Limited","2-High","Risk Level 1","CCBS Batch","CCBS Voice & CC","New Project"
"CRQ000000072293","Completed","MSheta1","Products & Services Delivery","Technology","P&SD CRM CTI-IVR","8/7/2012 9:00:00 AM","8/12/2012 12:00:00 PM","Create new departments in iWD manager ""Premium and Platinum""",".","Create new departments in iWD manager ""Premium and Platinum""","4-Minor/Localized","4-Low","Risk Level 1","Contact CenterCollaboration","CTI","Change"
"CRQ000000072292","Scheduled","ATayary","Products & Services Delivery","Technology","P&SD Internet","8/6/2012 12:00:00 AM","8/8/2012 12:00:00 AM","change disclaimer&sms script in black and white list service on web site-Fix some security issues on",".","change disclaimer&sms script in black and white list service on web site-Fix some security issues on","4-Minor/Localized","4-Low","Risk Level 1","Online Application","Corporate Website","Change"
"CRQ000000072288","Completed","MSheta1","Products & Services Delivery","Technology","P&SD CRM CTI-IVR","8/7/2012 11:57:38 AM","8/7/2012 5:02:38 PM","Update CLI in Starter Application in Configuration manager",".","Update CLI in Starter Application in Configuration manager","4-Minor/Localized","4-Low","Risk Level 1","Contact CenterCollaboration","CTI","Change"
"CRQ000000072273","Completed","MMazen2","Products & Services Delivery","Technology","P&SD Finance & HR","8/6/2012 11:38:00 AM","8/13/2012 1:43:00 PM","Open Ports for Dca",".","Open Ports for Dca","4-Minor/Localized","4-Low","Risk Level 1","Network Security Software","Firewall Rule","Maintenance"
"CRQ000000072255","Draft","AGammal1","Products & Services Delivery","Technology","P&SD Billing","8/6/2012 12:00:00 AM","8/7/2012 12:00:00 AM","NDCs Update: ( USACG )",".","NDCs Update: ( USACG )","4-Minor/Localized","4-Low","Risk Level 1","CCBS Batch","CCBS 2nd Line","Operational"
"CRQ000000072218","Completed","ANaggar","Products & Services Delivery","Technology","P&SD Applications","8/6/2012 2:00:00 PM","8/6/2012 4:00:00 PM","Access from website team workstations to different servers needed in daily work",".","Access from website team workstations to different servers needed in daily work    Details in Excel sheet attached to task","4-Minor/Localized","2-High","Risk Level 1","Network Security Software","Firewall Rule","Upgrade"
"CRQ000000072214","Request For Authorization","SIbrahim5","Products & Services Delivery","Technology","P&SD Billing","8/6/2012 1:50:42 PM","8/6/2012 1:50:43 PM","Migration Out Retention Offer (1000 Minutes)",".","Migration Out Retention Offer (1000 Minutes)","4-Minor/Localized","2-High","Risk Level 1","CCBS Batch","CCBS Voice & CC","New Project"
"CRQ000000072212","Scheduled","GSawiris","Products & Services Delivery","Technology","P&SD CRM CTI-IVR","8/6/2012 12:00:00 PM","8/7/2012 12:00:00 AM","888 Prepaid Forced-Migration Update",".","888 Prepaid Forced-Migration Update","4-Minor/Localized","4-Low","Risk Level 1","Contact CenterCollaboration","IVR","Change"
"CRQ000000072202","Request For Authorization","AGhazali","Products & Services Delivery","Technology","P&SD Billing","8/5/2012 12:00:00 AM","8/6/2012 12:00:00 AM","ADSL Upgrade Offer",".","ADSL Upgrade Offer","4-Minor/Localized","4-Low","Risk Level 1","CCBS Batch","CCBS Data","New Project"